{
	"credit": "Made with Blockbench",
	"texture_size": [32, 32],
	"textures": {
		"0": "items/classmage/apprenticestaff",
		"particle": "items/classmage/apprenticestaff"
	},
	"elements": [
		{
			"from": [4.8, -15.29625, 3.68875],
			"to": [6.17143, -10.72482, 5.06018],
			"rotation": {"angle": 22.5, "axis": "x", "origin": [8, -12.09625, 6.88875]},
			"faces": {
				"north": {"uv": [2, 3.5, 2.5, 6], "texture": "#0"},
				"east": {"uv": [2.5, 3.5, 3, 6], "texture": "#0"},
				"south": {"uv": [3, 3.5, 3.5, 6], "texture": "#0"},
				"west": {"uv": [3.5, 3.5, 4, 6], "texture": "#0"},
				"up": {"uv": [1, 0.5, 0.5, 0], "texture": "#0"},
				"down": {"uv": [4, 3, 3.5, 3.5], "texture": "#0"}
			}
		},
		{
			"from": [4.52679, -15.29625, 3.39821],
			"to": [6.47125, -14.38196, 5.36018],
			"rotation": {"angle": 22.5, "axis": "x", "origin": [2.95411, -12.09625, 6.88911]},
			"faces": {
				"north": {"uv": [2, 1.5, 3, 2], "texture": "#0"},
				"east": {"uv": [6, 6, 7, 6.5], "texture": "#0"},
				"south": {"uv": [6, 1, 7, 1.5], "texture": "#0"},
				"west": {"uv": [6, 1.5, 7, 2], "texture": "#0"},
				"up": {"uv": [5, 4, 4, 3], "texture": "#0"},
				"down": {"uv": [6.5, 0, 5.5, 1], "texture": "#0"}
			}
		},
		{
			"from": [4.8, -10.12768, 4.36429],
			"to": [6.17143, 18.25804, 5.73571],
			"rotation": {"angle": 0, "axis": "y", "origin": [8, 0.37232, 7.56429]},
			"faces": {
				"north": {"uv": [0, 0, 0.5, 14], "texture": "#0"},
				"east": {"uv": [0.5, 0.5, 1, 14.5], "texture": "#0"},
				"south": {"uv": [1, 1, 1.5, 15], "texture": "#0"},
				"west": {"uv": [1.5, 1.5, 2, 15.5], "texture": "#0"},
				"up": {"uv": [5, 4.5, 4.5, 4], "texture": "#0"},
				"down": {"uv": [7.5, 4.5, 7, 5], "texture": "#0"}
			}
		},
		{
			"from": [4.8, 19.99018, 1.81018],
			"to": [6.17143, 22.33304, 3.18161],
			"rotation": {"angle": -45, "axis": "x", "origin": [8, 20.44732, 5.01018]},
			"faces": {
				"north": {"uv": [1, 0, 1.5, 1], "texture": "#0"},
				"east": {"uv": [2.5, 6, 3, 7], "texture": "#0"},
				"south": {"uv": [3, 6, 3.5, 7], "texture": "#0"},
				"west": {"uv": [3.5, 6, 4, 7], "texture": "#0"},
				"up": {"uv": [7.5, 5.5, 7, 5], "texture": "#0"},
				"down": {"uv": [7.5, 5.5, 7, 6], "texture": "#0"}
			}
		},
		{
			"from": [4.8, 16.90821, 4.13071],
			"to": [6.17143, 18.27964, 6.47357],
			"rotation": {"angle": 22.5, "axis": "x", "origin": [8, 20.10821, 6.01643]},
			"faces": {
				"north": {"uv": [4, 7.5, 4.5, 8], "texture": "#0"},
				"east": {"uv": [6, 2, 7, 2.5], "texture": "#0"},
				"south": {"uv": [4.5, 7.5, 5, 8], "texture": "#0"},
				"west": {"uv": [6, 2.5, 7, 3], "texture": "#0"},
				"up": {"uv": [4.5, 7, 4, 6], "texture": "#0"},
				"down": {"uv": [6.5, 3, 6, 4], "texture": "#0"}
			}
		},
		{
			"from": [4.8, 23.13964, -0.41429],
			"to": [6.17143, 24.51107, 3.3],
			"rotation": {"angle": -45, "axis": "x", "origin": [8, 26.33964, 1.47143]},
			"faces": {
				"north": {"uv": [2, 7.5, 2.5, 8], "texture": "#0"},
				"east": {"uv": [3.5, 2, 5.5, 2.5], "texture": "#0"},
				"south": {"uv": [2.5, 7.5, 3, 8], "texture": "#0"},
				"west": {"uv": [3.5, 2.5, 5.5, 3], "texture": "#0"},
				"up": {"uv": [5, 6.5, 4.5, 4.5], "texture": "#0"},
				"down": {"uv": [5, 0, 4.5, 2], "texture": "#0"}
			}
		},
		{
			"from": [4.8, 24.00786, 3.16821],
			"to": [6.17143, 27.72214, 4.53964],
			"rotation": {"angle": -22.5, "axis": "x", "origin": [8, 25.89357, 1.33964]},
			"faces": {
				"north": {"uv": [5, 5, 5.5, 7], "texture": "#0"},
				"east": {"uv": [5, 0, 5.5, 2], "texture": "#0"},
				"south": {"uv": [5, 3, 5.5, 5], "texture": "#0"},
				"west": {"uv": [5.5, 5.5, 6, 7.5], "texture": "#0"},
				"up": {"uv": [3.5, 8, 3, 7.5], "texture": "#0"},
				"down": {"uv": [4, 7.5, 3.5, 8], "texture": "#0"}
			}
		},
		{
			"from": [4.8, 19.53411, 1.41893],
			"to": [6.17143, 23.70554, 2.79036],
			"rotation": {"angle": 0, "axis": "y", "origin": [8, 22.73411, 4.61893]},
			"faces": {
				"north": {"uv": [3, 0, 3.5, 2], "texture": "#0"},
				"east": {"uv": [3.5, 0, 4, 2], "texture": "#0"},
				"south": {"uv": [4, 4, 4.5, 6], "texture": "#0"},
				"west": {"uv": [4, 0, 4.5, 2], "texture": "#0"},
				"up": {"uv": [7.5, 6.5, 7, 6], "texture": "#0"},
				"down": {"uv": [7.5, 6.5, 7, 7], "texture": "#0"}
			}
		},
		{
			"from": [5.15875, 18.05714, 8],
			"to": [5.61589, 20.8, 10.74286],
			"rotation": {"angle": 45, "axis": "x", "origin": [8.35875, 23.54286, 11.2]},
			"faces": {
				"north": {"uv": [5.5, 1, 6, 2.5], "texture": "#0"},
				"east": {"uv": [1.5, 0, 3, 1.5], "texture": "#0"},
				"south": {"uv": [5.5, 2.5, 6, 4], "texture": "#0"},
				"west": {"uv": [2, 2, 3.5, 3.5], "texture": "#0"},
				"up": {"uv": [6, 5.5, 5.5, 4], "texture": "#0"},
				"down": {"uv": [2.5, 6, 2, 7.5], "texture": "#0"}
			}
		},
		{
			"from": [4.8, 12.57143, 5.74929],
			"to": [6.62857, 13.02857, 6.20643],
			"rotation": {"angle": 0, "axis": "y", "origin": [8, 15.77143, 8.94929]},
			"faces": {
				"north": {"uv": [6, 4, 7, 4.5], "texture": "#0"},
				"east": {"uv": [5.5, 7.5, 6, 8], "texture": "#0"},
				"south": {"uv": [6, 4.5, 7, 5], "texture": "#0"},
				"west": {"uv": [6, 7.5, 6.5, 8], "texture": "#0"},
				"up": {"uv": [7, 5.5, 6, 5], "texture": "#0"},
				"down": {"uv": [7, 5.5, 6, 6], "texture": "#0"}
			}
		},
		{
			"from": [4.8, 11.00518, 5.74929],
			"to": [6.62857, 11.46232, 6.20643],
			"rotation": {"angle": 0, "axis": "y", "origin": [8, 14.20518, 8.94929]},
			"faces": {
				"north": {"uv": [7, 2.5, 8, 3], "texture": "#0"},
				"east": {"uv": [7.5, 2, 8, 2.5], "texture": "#0"},
				"south": {"uv": [7, 3, 8, 3.5], "texture": "#0"},
				"west": {"uv": [7.5, 4.5, 8, 5], "texture": "#0"},
				"up": {"uv": [8, 4, 7, 3.5], "texture": "#0"},
				"down": {"uv": [8, 4, 7, 4.5], "texture": "#0"}
			}
		},
		{
			"from": [6.17143, 12.57143, 3.92071],
			"to": [6.62857, 13.02857, 5.74929],
			"rotation": {"angle": 0, "axis": "y", "origin": [9.37143, 15.77143, 2.54929]},
			"faces": {
				"north": {"uv": [6.5, 7.5, 7, 8], "texture": "#0"},
				"east": {"uv": [6, 6.5, 7, 7], "texture": "#0"},
				"south": {"uv": [7, 7.5, 7.5, 8], "texture": "#0"},
				"west": {"uv": [6.5, 0, 7.5, 0.5], "texture": "#0"},
				"up": {"uv": [5, 7.5, 4.5, 6.5], "texture": "#0"},
				"down": {"uv": [7, 3, 6.5, 4], "texture": "#0"}
			}
		},
		{
			"from": [6.17143, 11.00536, 4.36696],
			"to": [6.62857, 11.4625, 5.74929],
			"rotation": {"angle": 0, "axis": "y", "origin": [9.37143, 14.20536, 2.54929]},
			"faces": {
				"north": {"uv": [7.5, 5, 8, 5.5], "texture": "#0"},
				"east": {"uv": [7.5, 5.5, 8, 6], "texture": "#0"},
				"south": {"uv": [7.5, 6, 8, 6.5], "texture": "#0"},
				"west": {"uv": [7.5, 6.5, 8, 7], "texture": "#0"},
				"up": {"uv": [2.5, 8.5, 2, 8], "texture": "#0"},
				"down": {"uv": [3, 8, 2.5, 8.5], "texture": "#0"}
			}
		},
		{
			"from": [4.34286, 12.14268, 5.29214],
			"to": [4.8, 12.59982, 7.57786],
			"rotation": {"angle": 22.5, "axis": "x", "origin": [7.54286, 15.34268, 3.92071]},
			"faces": {
				"north": {"uv": [7.5, 0.5, 8, 1], "texture": "#0"},
				"east": {"uv": [7, 7, 8, 7.5], "texture": "#0"},
				"south": {"uv": [7.5, 1.5, 8, 2], "texture": "#0"},
				"west": {"uv": [7, 1, 8, 1.5], "texture": "#0"},
				"up": {"uv": [5.5, 8, 5, 7], "texture": "#0"},
				"down": {"uv": [7.5, 1.5, 7, 2.5], "texture": "#0"}
			}
		},
		{
			"from": [3.30607, 11.13875, 3.92071],
			"to": [5.37964, 11.59589, 4.37786],
			"rotation": {"angle": 22.5, "axis": "z", "origin": [2.17964, 14.33875, 1.17786]},
			"faces": {
				"north": {"uv": [6.5, 0.5, 7.5, 1], "texture": "#0"},
				"east": {"uv": [7.5, 7.5, 8, 8], "texture": "#0"},
				"south": {"uv": [2.5, 7, 3.5, 7.5], "texture": "#0"},
				"west": {"uv": [7.5, 0, 8, 0.5], "texture": "#0"},
				"up": {"uv": [4.5, 7.5, 3.5, 7], "texture": "#0"},
				"down": {"uv": [7, 7, 6, 7.5], "texture": "#0"}
			}
		}
	],
	"display": {
		"thirdperson_righthand": {
			"rotation": [0, -180, 0],
			"translation": [-2.75, 8.25, -1],
			"scale": [0.8, 0.8, 0.8]
		},
		"thirdperson_lefthand": {
			"rotation": [0, -180, 0],
			"translation": [1.5, 8, -0.75],
			"scale": [0.8, 0.8, 0.8]
		},
		"firstperson_righthand": {
			"rotation": [-14, -180, 8],
			"translation": [-3.5, 1.25, 0],
			"scale": [0.8, 0.8, 0.8]
		},
		"firstperson_lefthand": {
			"rotation": [0, -180, 5],
			"translation": [3.5, 0.25, -3.75],
			"scale": [0.8, 0.8, 0.8]
		},
		"ground": {
			"translation": [4.25, 20.25, 4.75]
		},
		"gui": {
			"rotation": [0, 90, 1],
			"translation": [1.75, 0, 0],
			"scale": [0.36, 0.35, 0.35]
		},
		"head": {
			"translation": [2.5, 15.5, 3.75]
		},
		"fixed": {
			"rotation": [0, 88, 0],
			"translation": [1.75, 0, -1.25],
			"scale": [0.42, 0.42, 0.44]
		}
	}
}