{
	"credit": "Made with Blockbench",
	"texture_size": [64, 64],
	"textures": {
		"0": "items/classknight/trainersword",
		"particle": "items/classknight/trainersword"
	},
	"elements": [
		{
			"from": [7.97624, -15.08571, 6.25006],
			"to": [8.94173, -3.17806, 7.21554],
			"rotation": {"angle": 45, "axis": "y", "origin": [10.55087, -12.83291, 8.82469]},
			"faces": {
				"north": {"uv": [2.5, 2.5, 2.75, 5.5], "texture": "#0"},
				"east": {"uv": [2.75, 2.75, 3, 5.75], "texture": "#0"},
				"south": {"uv": [3, 3, 3.25, 6], "texture": "#0"},
				"west": {"uv": [3, 0, 3.25, 3], "texture": "#0"},
				"up": {"uv": [1.5, 1.25, 1.25, 1], "texture": "#0"},
				"down": {"uv": [2.25, 0.75, 2, 1], "texture": "#0"}
			}
		},
		{
			"from": [5.7472, -3.17806, 8],
			"to": [9.28731, -2.21257, 9.60914],
			"rotation": {"angle": 0, "axis": "y", "origin": [9.60914, -0.92526, 10.89646]},
			"faces": {
				"north": {"uv": [1.75, 1.5, 2.75, 1.75], "texture": "#0"},
				"east": {"uv": [2.5, 2.25, 3, 2.5], "texture": "#0"},
				"south": {"uv": [2, 0.5, 3, 0.75], "texture": "#0"},
				"west": {"uv": [3.25, 1.25, 3.75, 1.5], "texture": "#0"},
				"up": {"uv": [1.5, 0.5, 0.5, 0], "texture": "#0"},
				"down": {"uv": [2, 0.5, 1, 1], "texture": "#0"}
			}
		},
		{
			"from": [8, -1.89074, 8],
			"to": [10.2528, -0.92526, 9.60914],
			"rotation": {"angle": 22.5, "axis": "z", "origin": [11.86194, 0.36206, 10.89646]},
			"faces": {
				"north": {"uv": [3.25, 2, 3.75, 2.25], "texture": "#0"},
				"east": {"uv": [3.25, 2.25, 3.75, 2.5], "texture": "#0"},
				"south": {"uv": [3.25, 2.5, 3.75, 2.75], "texture": "#0"},
				"west": {"uv": [3.25, 2.75, 3.75, 3], "texture": "#0"},
				"up": {"uv": [2.75, 0.5, 2.25, 0], "texture": "#0"},
				"down": {"uv": [2.75, 0.75, 2.25, 1.25], "texture": "#0"}
			}
		},
		{
			"from": [4.45989, -1.89074, 8],
			"to": [7.03451, -0.92526, 9.60914],
			"rotation": {"angle": -22.5, "axis": "z", "origin": [3.17257, 0.36206, 10.89646]},
			"faces": {
				"north": {"uv": [2.25, 1.25, 3, 1.5], "texture": "#0"},
				"east": {"uv": [3.25, 3, 3.75, 3.25], "texture": "#0"},
				"south": {"uv": [3.25, 1, 4, 1.25], "texture": "#0"},
				"west": {"uv": [3.25, 3.75, 3.75, 4], "texture": "#0"},
				"up": {"uv": [2.25, 0.5, 1.5, 0], "texture": "#0"},
				"down": {"uv": [2.25, 1, 1.5, 1.5], "texture": "#0"}
			}
		},
		{
			"from": [6.39086, -2.21257, 8.64366],
			"to": [8.64366, 28.03931, 8.96549],
			"rotation": {"angle": 0, "axis": "y", "origin": [9.60914, 0.04023, 10.89646]},
			"faces": {
				"north": {"uv": [0, 0, 0.5, 7.5], "texture": "#0"},
				"east": {"uv": [1, 1, 1.25, 8.5], "texture": "#0"},
				"south": {"uv": [0.5, 0.5, 1, 8], "texture": "#0"},
				"west": {"uv": [1.25, 1.25, 1.5, 8.75], "texture": "#0"},
				"up": {"uv": [3.75, 1.75, 3.25, 1.5], "texture": "#0"},
				"down": {"uv": [3.75, 1.75, 3.25, 2], "texture": "#0"}
			}
		},
		{
			"from": [7.03451, -2.21257, 8.32183],
			"to": [8, 28.03931, 9.28731],
			"rotation": {"angle": 0, "axis": "y", "origin": [9.60914, 0.04023, 10.89646]},
			"faces": {
				"north": {"uv": [1.5, 1.5, 1.75, 9], "texture": "#0"},
				"east": {"uv": [1.75, 1.75, 2, 9.25], "texture": "#0"},
				"south": {"uv": [2, 2, 2.25, 9.5], "texture": "#0"},
				"west": {"uv": [2.25, 2.25, 2.5, 9.75], "texture": "#0"},
				"up": {"uv": [2.25, 2, 2, 1.75], "texture": "#0"},
				"down": {"uv": [3, 1.5, 2.75, 1.75], "texture": "#0"}
			}
		},
		{
			"from": [1.64703, 10.78264, 8.64366],
			"to": [3.22977, 12.38122, 8.96549],
			"rotation": {"angle": -45, "axis": "z", "origin": [24.84157, 13.6791, 10.89646]},
			"faces": {
				"north": {"uv": [3.25, 0, 3.75, 0.5], "texture": "#0"},
				"east": {"uv": [2.75, 0, 3, 0.5], "texture": "#0"},
				"south": {"uv": [3.25, 0.5, 3.75, 1], "texture": "#0"},
				"west": {"uv": [2.75, 0.75, 3, 1.25], "texture": "#0"},
				"up": {"uv": [4.25, 1, 3.75, 0.75], "texture": "#0"},
				"down": {"uv": [4.25, 1.25, 3.75, 1.5], "texture": "#0"}
			}
		},
		{
			"from": [2.22909, 11.29694, 8.32183],
			"to": [2.90794, 11.97931, 9.28731],
			"rotation": {"angle": -45, "axis": "z", "origin": [24.84157, 13.87157, 10.89646]},
			"faces": {
				"north": {"uv": [2.75, 1.75, 3, 2], "texture": "#0"},
				"east": {"uv": [2.75, 2, 3, 2.25], "texture": "#0"},
				"south": {"uv": [2.75, 2.5, 3, 2.75], "texture": "#0"},
				"west": {"uv": [3.75, 1.5, 4, 1.75], "texture": "#0"},
				"up": {"uv": [4, 2, 3.75, 1.75], "texture": "#0"},
				"down": {"uv": [4, 2, 3.75, 2.25], "texture": "#0"}
			}
		},
		{
			"from": [7.33258, -15.08571, 5.6064],
			"to": [9.58538, -14.12023, 7.8592],
			"rotation": {"angle": 45, "axis": "y", "origin": [10.55087, -12.83291, 8.82469]},
			"faces": {
				"north": {"uv": [3.75, 3.75, 4.25, 4], "texture": "#0"},
				"east": {"uv": [3.75, 0, 4.25, 0.25], "texture": "#0"},
				"south": {"uv": [3.75, 0.25, 4.25, 0.5], "texture": "#0"},
				"west": {"uv": [3.75, 0.5, 4.25, 0.75], "texture": "#0"},
				"up": {"uv": [2.75, 2.25, 2.25, 1.75], "texture": "#0"},
				"down": {"uv": [3.75, 3.25, 3.25, 3.75], "texture": "#0"}
			}
		}
	],
	"display": {
		"thirdperson_righthand": {
			"rotation": [0, 92, 0],
			"translation": [-0.5, 10.5, 0.75],
			"scale": [0.8, 0.8, 0.8]
		},
		"thirdperson_lefthand": {
			"rotation": [0, 92, 0],
			"translation": [-1.25, 10.75, 2],
			"scale": [0.8, 0.8, 0.8]
		},
		"firstperson_righthand": {
			"rotation": [0, 108, 0],
			"translation": [0, 7.25, 0],
			"scale": [0.6, 0.6, 0.6]
		},
		"firstperson_lefthand": {
			"rotation": [0, 96, 0],
			"translation": [0, 7.75, 0],
			"scale": [0.6, 0.6, 0.6]
		},
		"ground": {
			"translation": [0, 21.5, 0]
		},
		"gui": {
			"rotation": [0, 0, -45],
			"scale": [0.4, 0.4, 0.4]
		},
		"head": {
			"translation": [0, 13, 0],
			"scale": [0.5, 0.5, 0.5]
		},
		"fixed": {
			"rotation": [1, -1, 47],
			"translation": [0, 0, -0.5],
			"scale": [0.5, 0.5, 0.5]
		}
	}
}