{
	"credit": "Made with Blockbench",
	"texture_size": [64, 64],
	"textures": {
		"0": "items/classarcher/woodenbow",
		"particle": "items/classarcher/woodenbow"
	},
	"elements": [
		{
			"name": "Fil",
			"from": [7.33981, 7.806, 0.71648],
			"to": [7.72044, 8.28663, 16.44721],
			"rotation": {"angle": 0, "axis": "x", "origin": [8, 22.5, 11.25]},
			"faces": {
				"north": {"uv": [9.5, 12, 9.75, 14.25], "rotation": 90, "texture": "#0"},
				"east": {"uv": [9.5, 12, 9.75, 14.25], "rotation": 270, "texture": "#0"},
				"south": {"uv": [9.5, 12, 9.75, 14.25], "rotation": 90, "texture": "#0"},
				"west": {"uv": [9.5, 12, 9.75, 14.25], "rotation": 90, "texture": "#0"},
				"up": {"uv": [9.5, 12, 9.75, 14.25], "rotation": 180, "texture": "#0"},
				"down": {"uv": [9.5, 12, 9.75, 14.25], "texture": "#0"}
			}
		},
		{
			"name": "Fil",
			"from": [6.58, 7.806, -0.13352],
			"to": [6.96063, 8.28663, 1.59721],
			"rotation": {"angle": 0, "axis": "x", "origin": [8, 22.5, 11.25]},
			"faces": {
				"north": {"uv": [7, 12, 7.25, 12.25], "rotation": 90, "texture": "#0"},
				"east": {"uv": [7, 12, 7.25, 13], "rotation": 270, "texture": "#0"},
				"south": {"uv": [7, 12, 7.25, 12.25], "rotation": 90, "texture": "#0"},
				"west": {"uv": [7, 12, 7.25, 13], "rotation": 90, "texture": "#0"},
				"up": {"uv": [7, 12, 7.25, 13], "rotation": 180, "texture": "#0"},
				"down": {"uv": [7, 12, 7.25, 13], "texture": "#0"}
			}
		},
		{
			"name": "Fil",
			"from": [8.08, 7.806, -0.13352],
			"to": [8.46063, 8.28663, 1.59721],
			"rotation": {"angle": 0, "axis": "x", "origin": [9.5, 22.5, 11.25]},
			"faces": {
				"north": {"uv": [7, 12, 7.25, 12.25], "rotation": 90, "texture": "#0"},
				"east": {"uv": [7, 12, 7.25, 13], "rotation": 270, "texture": "#0"},
				"south": {"uv": [7, 12, 7.25, 12.25], "rotation": 90, "texture": "#0"},
				"west": {"uv": [7, 12, 7.25, 13], "rotation": 90, "texture": "#0"},
				"up": {"uv": [7, 12, 7.25, 13], "rotation": 180, "texture": "#0"},
				"down": {"uv": [7, 12, 7.25, 13], "texture": "#0"}
			}
		},
		{
			"name": "Fil",
			"from": [7.7, 7.806, -0.57],
			"to": [8.08063, 8.28663, 1.16073],
			"rotation": {"angle": 0, "axis": "x", "origin": [9.1, 22.5, 10.75]},
			"faces": {
				"north": {"uv": [7, 12, 7.25, 12.25], "rotation": 90, "texture": "#0"},
				"east": {"uv": [7, 12, 7.25, 13], "rotation": 270, "texture": "#0"},
				"south": {"uv": [7, 12, 7.25, 12.25], "rotation": 90, "texture": "#0"},
				"west": {"uv": [7, 12, 7.25, 13], "rotation": 90, "texture": "#0"},
				"up": {"uv": [7, 12, 7.25, 13], "rotation": 180, "texture": "#0"},
				"down": {"uv": [7, 12, 7.25, 13], "texture": "#0"}
			}
		},
		{
			"name": "Fil",
			"from": [7.35, 8.29, -0.57],
			"to": [7.73063, 8.77063, 1.16073],
			"rotation": {"angle": 0, "axis": "x", "origin": [8.75, 23, 10.75]},
			"faces": {
				"north": {"uv": [7, 12, 7.25, 12.25], "rotation": 90, "texture": "#0"},
				"east": {"uv": [7, 12, 7.25, 13], "rotation": 270, "texture": "#0"},
				"south": {"uv": [7, 12, 7.25, 12.25], "rotation": 90, "texture": "#0"},
				"west": {"uv": [7, 12, 7.25, 13], "rotation": 90, "texture": "#0"},
				"up": {"uv": [7, 12, 7.25, 13], "rotation": 180, "texture": "#0"},
				"down": {"uv": [7, 12, 7.25, 13], "texture": "#0"}
			}
		},
		{
			"name": "Fil",
			"from": [7.35, 7.34, -0.57],
			"to": [7.73063, 7.82063, 1.16073],
			"rotation": {"angle": 0, "axis": "x", "origin": [8.75, 22.1, 10.75]},
			"faces": {
				"north": {"uv": [7, 12, 7.25, 12.25], "rotation": 90, "texture": "#0"},
				"east": {"uv": [7, 12, 7.25, 13], "rotation": 270, "texture": "#0"},
				"south": {"uv": [7, 12, 7.25, 12.25], "rotation": 90, "texture": "#0"},
				"west": {"uv": [7, 12, 7.25, 13], "rotation": 90, "texture": "#0"},
				"up": {"uv": [7, 12, 7.25, 13], "rotation": 180, "texture": "#0"},
				"down": {"uv": [7, 12, 7.25, 13], "texture": "#0"}
			}
		},
		{
			"name": "Fil",
			"from": [7.35, 6.86, -0.17],
			"to": [7.73063, 7.34063, 1.56073],
			"rotation": {"angle": 0, "axis": "x", "origin": [8.75, 21.6, 11.15]},
			"faces": {
				"north": {"uv": [7, 12, 7.25, 12.25], "rotation": 90, "texture": "#0"},
				"east": {"uv": [7, 12, 7.25, 13], "rotation": 270, "texture": "#0"},
				"south": {"uv": [7, 12, 7.25, 12.25], "rotation": 90, "texture": "#0"},
				"west": {"uv": [7, 12, 7.25, 13], "rotation": 90, "texture": "#0"},
				"up": {"uv": [7, 12, 7.25, 13], "rotation": 180, "texture": "#0"},
				"down": {"uv": [7, 12, 7.25, 13], "texture": "#0"}
			}
		},
		{
			"name": "Fil",
			"from": [7.35, 8.76, -0.17],
			"to": [7.73063, 9.24063, 1.56073],
			"rotation": {"angle": 0, "axis": "x", "origin": [8.75, 23.5, 11.15]},
			"faces": {
				"north": {"uv": [7, 12, 7.25, 12.25], "rotation": 90, "texture": "#0"},
				"east": {"uv": [7, 12, 7.25, 13], "rotation": 270, "texture": "#0"},
				"south": {"uv": [7, 12, 7.25, 12.25], "rotation": 90, "texture": "#0"},
				"west": {"uv": [7, 12, 7.25, 13], "rotation": 90, "texture": "#0"},
				"up": {"uv": [7, 12, 7.25, 13], "rotation": 180, "texture": "#0"},
				"down": {"uv": [7, 12, 7.25, 13], "texture": "#0"}
			}
		},
		{
			"name": "Fil",
			"from": [6.95, 7.806, -0.57],
			"to": [7.33063, 8.28663, 1.16073],
			"rotation": {"angle": 0, "axis": "x", "origin": [8.35, 22.5, 10.75]},
			"faces": {
				"north": {"uv": [7, 12, 7.25, 12.25], "rotation": 90, "texture": "#0"},
				"east": {"uv": [7, 12, 7.25, 13], "rotation": 270, "texture": "#0"},
				"south": {"uv": [7, 12, 7.25, 12.25], "rotation": 90, "texture": "#0"},
				"west": {"uv": [7, 12, 7.25, 13], "rotation": 90, "texture": "#0"},
				"up": {"uv": [7, 12, 7.25, 13], "rotation": 180, "texture": "#0"},
				"down": {"uv": [7, 12, 7.25, 13], "texture": "#0"}
			}
		},
		{
			"name": "Fil",
			"from": [7.35, 7.806, -0.97],
			"to": [7.73063, 8.28663, 0.76073],
			"rotation": {"angle": 0, "axis": "x", "origin": [8.75, 22.5, 10.35]},
			"faces": {
				"north": {"uv": [7, 12, 7.25, 12.25], "rotation": 90, "texture": "#0"},
				"east": {"uv": [7, 12, 7.25, 13], "rotation": 270, "texture": "#0"},
				"south": {"uv": [7, 12, 7.25, 12.25], "rotation": 90, "texture": "#0"},
				"west": {"uv": [7, 12, 7.25, 13], "rotation": 90, "texture": "#0"},
				"up": {"uv": [7, 12, 7.25, 13], "rotation": 180, "texture": "#0"},
				"down": {"uv": [7, 12, 7.25, 13], "texture": "#0"}
			}
		},
		{
			"name": "Fil",
			"from": [6.58, 7.806, 15.06648],
			"to": [6.96063, 8.28663, 16.79721],
			"rotation": {"angle": 0, "axis": "x", "origin": [8, 22.5, 26.45]},
			"faces": {
				"north": {"uv": [7, 12, 7.25, 12.25], "rotation": 90, "texture": "#0"},
				"east": {"uv": [7, 12, 7.25, 13], "rotation": 270, "texture": "#0"},
				"south": {"uv": [7, 12, 7.25, 12.25], "rotation": 90, "texture": "#0"},
				"west": {"uv": [7, 12, 7.25, 13], "rotation": 90, "texture": "#0"},
				"up": {"uv": [7, 12, 7.25, 13], "rotation": 180, "texture": "#0"},
				"down": {"uv": [7, 12, 7.25, 13], "texture": "#0"}
			}
		},
		{
			"name": "Fil",
			"from": [8.08, 7.806, 15.06648],
			"to": [8.46063, 8.28663, 16.79721],
			"rotation": {"angle": 0, "axis": "x", "origin": [9.5, 22.5, 26.45]},
			"faces": {
				"north": {"uv": [7, 12, 7.25, 12.25], "rotation": 90, "texture": "#0"},
				"east": {"uv": [7, 12, 7.25, 13], "rotation": 270, "texture": "#0"},
				"south": {"uv": [7, 12, 7.25, 12.25], "rotation": 90, "texture": "#0"},
				"west": {"uv": [7, 12, 7.25, 13], "rotation": 90, "texture": "#0"},
				"up": {"uv": [7, 12, 7.25, 13], "rotation": 180, "texture": "#0"},
				"down": {"uv": [7, 12, 7.25, 13], "texture": "#0"}
			}
		},
		{
			"name": "Fil",
			"from": [7.7, 7.806, 14.63],
			"to": [8.08063, 8.28663, 16.36073],
			"rotation": {"angle": 0, "axis": "x", "origin": [9.1, 22.5, 25.95]},
			"faces": {
				"north": {"uv": [7, 12, 7.25, 12.25], "rotation": 90, "texture": "#0"},
				"east": {"uv": [7, 12, 7.25, 13], "rotation": 270, "texture": "#0"},
				"south": {"uv": [7, 12, 7.25, 12.25], "rotation": 90, "texture": "#0"},
				"west": {"uv": [7, 12, 7.25, 13], "rotation": 90, "texture": "#0"},
				"up": {"uv": [7, 12, 7.25, 13], "rotation": 180, "texture": "#0"},
				"down": {"uv": [7, 12, 7.25, 13], "texture": "#0"}
			}
		},
		{
			"name": "Fil",
			"from": [7.35, 8.29, 14.63],
			"to": [7.73063, 8.77063, 16.36073],
			"rotation": {"angle": 0, "axis": "x", "origin": [8.75, 23, 25.95]},
			"faces": {
				"north": {"uv": [7, 12, 7.25, 12.25], "rotation": 90, "texture": "#0"},
				"east": {"uv": [7, 12, 7.25, 13], "rotation": 270, "texture": "#0"},
				"south": {"uv": [7, 12, 7.25, 12.25], "rotation": 90, "texture": "#0"},
				"west": {"uv": [7, 12, 7.25, 13], "rotation": 90, "texture": "#0"},
				"up": {"uv": [7, 12, 7.25, 13], "rotation": 180, "texture": "#0"},
				"down": {"uv": [7, 12, 7.25, 13], "texture": "#0"}
			}
		},
		{
			"name": "Fil",
			"from": [7.35, 7.34, 14.63],
			"to": [7.73063, 7.82063, 16.36073],
			"rotation": {"angle": 0, "axis": "x", "origin": [8.75, 22.1, 25.95]},
			"faces": {
				"north": {"uv": [7, 12, 7.25, 12.25], "rotation": 90, "texture": "#0"},
				"east": {"uv": [7, 12, 7.25, 13], "rotation": 270, "texture": "#0"},
				"south": {"uv": [7, 12, 7.25, 12.25], "rotation": 90, "texture": "#0"},
				"west": {"uv": [7, 12, 7.25, 13], "rotation": 90, "texture": "#0"},
				"up": {"uv": [7, 12, 7.25, 13], "rotation": 180, "texture": "#0"},
				"down": {"uv": [7, 12, 7.25, 13], "texture": "#0"}
			}
		},
		{
			"name": "Fil",
			"from": [7.35, 6.86, 15.03],
			"to": [7.73063, 7.34063, 16.76073],
			"rotation": {"angle": 0, "axis": "x", "origin": [8.75, 21.6, 26.35]},
			"faces": {
				"north": {"uv": [7, 12, 7.25, 12.25], "rotation": 90, "texture": "#0"},
				"east": {"uv": [7, 12, 7.25, 13], "rotation": 270, "texture": "#0"},
				"south": {"uv": [7, 12, 7.25, 12.25], "rotation": 90, "texture": "#0"},
				"west": {"uv": [7, 12, 7.25, 13], "rotation": 90, "texture": "#0"},
				"up": {"uv": [7, 12, 7.25, 13], "rotation": 180, "texture": "#0"},
				"down": {"uv": [7, 12, 7.25, 13], "texture": "#0"}
			}
		},
		{
			"name": "Fil",
			"from": [7.35, 8.76, 15.03],
			"to": [7.73063, 9.24063, 16.76073],
			"rotation": {"angle": 0, "axis": "x", "origin": [8.75, 23.5, 26.35]},
			"faces": {
				"north": {"uv": [7, 12, 7.25, 12.25], "rotation": 90, "texture": "#0"},
				"east": {"uv": [7, 12, 7.25, 13], "rotation": 270, "texture": "#0"},
				"south": {"uv": [7, 12, 7.25, 12.25], "rotation": 90, "texture": "#0"},
				"west": {"uv": [7, 12, 7.25, 13], "rotation": 90, "texture": "#0"},
				"up": {"uv": [7, 12, 7.25, 13], "rotation": 180, "texture": "#0"},
				"down": {"uv": [7, 12, 7.25, 13], "texture": "#0"}
			}
		},
		{
			"name": "Fil",
			"from": [6.95, 7.806, 14.63],
			"to": [7.33063, 8.28663, 16.36073],
			"rotation": {"angle": 0, "axis": "x", "origin": [8.35, 22.5, 25.95]},
			"faces": {
				"north": {"uv": [7, 12, 7.25, 12.25], "rotation": 90, "texture": "#0"},
				"east": {"uv": [7, 12, 7.25, 13], "rotation": 270, "texture": "#0"},
				"south": {"uv": [7, 12, 7.25, 12.25], "rotation": 90, "texture": "#0"},
				"west": {"uv": [7, 12, 7.25, 13], "rotation": 90, "texture": "#0"},
				"up": {"uv": [7, 12, 7.25, 13], "rotation": 180, "texture": "#0"},
				"down": {"uv": [7, 12, 7.25, 13], "texture": "#0"}
			}
		},
		{
			"from": [7.29986, 8.98427, 2.7512],
			"to": [8.75486, 11.99177, 4.1437],
			"rotation": {"angle": 0, "axis": "y", "origin": [8, 8.25, 5.8]},
			"faces": {
				"north": {"uv": [11, 10.75, 12, 8.75], "texture": "#0"},
				"east": {"uv": [11, 10.75, 12, 8.75], "texture": "#0"},
				"south": {"uv": [11, 10.75, 12, 8.75], "texture": "#0"},
				"west": {"uv": [11, 10.75, 12, 8.75], "texture": "#0"},
				"up": {"uv": [11, 8.75, 12, 7.75], "texture": "#0"},
				"down": {"uv": [11, 8.75, 12, 7.75], "texture": "#0"}
			}
		},
		{
			"from": [7.29986, 4.00823, 2.7512],
			"to": [8.75486, 7.01573, 4.1437],
			"rotation": {"angle": 0, "axis": "y", "origin": [8, 7.75, 5.8]},
			"faces": {
				"north": {"uv": [11, 8.75, 12, 10.75], "texture": "#0"},
				"east": {"uv": [11, 8.75, 12, 10.75], "texture": "#0"},
				"south": {"uv": [11, 8.75, 12, 10.75], "texture": "#0"},
				"west": {"uv": [11, 8.75, 12, 10.75], "texture": "#0"},
				"up": {"uv": [11, 7.75, 12, 8.75], "texture": "#0"},
				"down": {"uv": [11, 7.75, 12, 8.75], "texture": "#0"}
			}
		},
		{
			"from": [7.47486, 6.72401, 2.93435],
			"to": [8.57986, 9.32401, 4.02997],
			"rotation": {"angle": 0, "axis": "y", "origin": [8, 8, 5.8]},
			"faces": {
				"north": {"uv": [11, 10.75, 12, 8.75], "texture": "#0"},
				"east": {"uv": [11, 10.75, 12, 8.75], "texture": "#0"},
				"south": {"uv": [11, 10.75, 12, 8.75], "texture": "#0"},
				"west": {"uv": [11, 10.75, 12, 8.75], "texture": "#0"},
				"up": {"uv": [11, 8.75, 12, 7.75], "texture": "#0"},
				"down": {"uv": [11, 8.75, 12, 7.75], "texture": "#0"}
			}
		},
		{
			"name": "Fil",
			"from": [7.806, 6.90782, 10.62787],
			"to": [8.28663, 22.13855, 11.0085],
			"rotation": {"angle": -22.5, "axis": "x", "origin": [8, 22.5, 11.25]},
			"faces": {
				"north": {"uv": [7, 12, 7.25, 14.25], "texture": "#0"},
				"east": {"uv": [7, 12, 7.25, 14.25], "texture": "#0"},
				"south": {"uv": [7, 12, 7.25, 14.25], "texture": "#0"},
				"west": {"uv": [7, 12, 7.25, 14.25], "texture": "#0"},
				"up": {"uv": [7, 12, 7.25, 14.25], "texture": "#0"},
				"down": {"uv": [7, 12, 7.25, 14.25], "texture": "#0"}
			}
		},
		{
			"name": "Fil",
			"from": [7.806, -6.13855, 10.62787],
			"to": [8.28663, 9.09218, 11.0085],
			"rotation": {"angle": 22.5, "axis": "x", "origin": [8, -6.5, 11.25]},
			"faces": {
				"north": {"uv": [7, 14.25, 7.25, 12], "texture": "#0"},
				"east": {"uv": [7, 14.25, 7.25, 12], "texture": "#0"},
				"south": {"uv": [7, 14.25, 7.25, 12], "texture": "#0"},
				"west": {"uv": [7, 14.25, 7.25, 12], "texture": "#0"},
				"up": {"uv": [7, 14.25, 7.25, 12], "texture": "#0"},
				"down": {"uv": [7, 14.25, 7.25, 12], "texture": "#0"}
			}
		},
		{
			"from": [7.13736, 11.51112, 3.40947],
			"to": [8.91736, 16.87237, 5.38947],
			"rotation": {"angle": 22.5, "axis": "x", "origin": [8.02736, 14.12086, 4.36881]},
			"faces": {
				"north": {"uv": [8.5, 12, 9.75, 15.25], "texture": "#0"},
				"east": {"uv": [7.25, 12, 8.5, 15.25], "texture": "#0"},
				"south": {"uv": [11, 12, 12.25, 15.25], "texture": "#0"},
				"west": {"uv": [9.75, 12, 11, 15.25], "texture": "#0"},
				"up": {"uv": [8.5, 10.75, 9.75, 12], "rotation": 180, "texture": "#0"},
				"down": {"uv": [9.75, 10.75, 11, 12], "rotation": 270, "texture": "#0"}
			}
		},
		{
			"from": [7.13736, -0.87237, 3.40947],
			"to": [8.91736, 4.48888, 5.38947],
			"rotation": {"angle": -22.5, "axis": "x", "origin": [8.02736, 1.87914, 4.36881]},
			"faces": {
				"north": {"uv": [8.5, 15.25, 9.75, 12], "texture": "#0"},
				"east": {"uv": [7.25, 15.25, 8.5, 12], "texture": "#0"},
				"south": {"uv": [11, 15.25, 12.25, 12], "texture": "#0"},
				"west": {"uv": [9.75, 15.25, 11, 12], "texture": "#0"},
				"up": {"uv": [8.5, 12, 9.75, 10.75], "texture": "#0"},
				"down": {"uv": [8.5, 12, 9.75, 10.75], "rotation": 180, "texture": "#0"}
			}
		},
		{
			"from": [7.4, 14.88713, 6.78772],
			"to": [8.63, 18.19963, 8.36772],
			"rotation": {"angle": 45, "axis": "x", "origin": [8.05361, 18.63713, 7.73897]},
			"faces": {
				"north": {"uv": [8.5, 12, 9.75, 15.25], "texture": "#0"},
				"east": {"uv": [7.25, 12, 8.5, 15.25], "texture": "#0"},
				"south": {"uv": [11, 12, 12.25, 15.25], "texture": "#0"},
				"west": {"uv": [9.75, 12, 11, 15.25], "texture": "#0"},
				"up": {"uv": [8.5, 10.75, 9.75, 12], "rotation": 180, "texture": "#0"},
				"down": {"uv": [14.75, 0, 16, 1.25], "rotation": 270, "texture": "#0"}
			}
		},
		{
			"from": [7.43736, -2.19963, 6.78772],
			"to": [8.66736, 1.11287, 8.36772],
			"rotation": {"angle": -45, "axis": "x", "origin": [8.05361, -2.63713, 7.73897]},
			"faces": {
				"north": {"uv": [8.5, 15.25, 9.75, 12], "texture": "#0"},
				"east": {"uv": [7.25, 15.25, 8.5, 12], "texture": "#0"},
				"south": {"uv": [11, 15.25, 12.25, 12], "texture": "#0"},
				"west": {"uv": [9.75, 15.25, 11, 12], "texture": "#0"},
				"up": {"uv": [16, 0, 14.75, 1.25], "rotation": 270, "texture": "#0"},
				"down": {"uv": [8.5, 12, 9.75, 10.75], "rotation": 180, "texture": "#0"}
			}
		},
		{
			"from": [7.53736, 18.06911, 6.88772],
			"to": [8.51736, 21.68161, 8.26772],
			"rotation": {"angle": 45, "axis": "x", "origin": [8.05361, 18.63713, 7.73897]},
			"faces": {
				"north": {"uv": [8.5, 12, 9.75, 15.25], "texture": "#0"},
				"east": {"uv": [7.25, 12, 8.5, 15.25], "texture": "#0"},
				"south": {"uv": [11, 12, 12.25, 15.25], "texture": "#0"},
				"west": {"uv": [9.75, 12, 11, 15.25], "texture": "#0"},
				"up": {"uv": [8.5, 10.75, 9.75, 12], "rotation": 180, "texture": "#0"},
				"down": {"uv": [14.75, 0, 16, 1.25], "rotation": 270, "texture": "#0"}
			}
		},
		{
			"from": [7.53736, 20.70838, 10.52095],
			"to": [8.51736, 22.08838, 12.23345],
			"rotation": {"angle": -22.5, "axis": "x", "origin": [8.05361, 21.23713, 11.08897]},
			"faces": {
				"north": {"uv": [6, 13.25, 7, 14.5], "rotation": 270, "texture": "#0"},
				"east": {"uv": [6, 12, 7, 13.25], "rotation": 270, "texture": "#0"},
				"south": {"uv": [6, 13.25, 7, 14.5], "rotation": 270, "texture": "#0"},
				"west": {"uv": [6, 12, 7, 13.25], "rotation": 270, "texture": "#0"},
				"up": {"uv": [6, 12, 7, 13.25], "rotation": 180, "texture": "#0"},
				"down": {"uv": [6, 12, 7, 13.25], "rotation": 180, "texture": "#0"}
			}
		},
		{
			"from": [7.53736, -6.08838, 10.52095],
			"to": [8.51736, -4.70838, 12.23345],
			"rotation": {"angle": 22.5, "axis": "x", "origin": [8.05361, -5.23713, 11.08897]},
			"faces": {
				"north": {"uv": [7, 13.25, 6, 14.5], "rotation": 270, "texture": "#0"},
				"east": {"uv": [7, 12, 6, 13.25], "rotation": 270, "texture": "#0"},
				"south": {"uv": [7, 13.25, 6, 14.5], "rotation": 270, "texture": "#0"},
				"west": {"uv": [7, 12, 6, 13.25], "rotation": 270, "texture": "#0"},
				"up": {"uv": [6, 13.25, 7, 12], "rotation": 180, "texture": "#0"},
				"down": {"uv": [6, 13.25, 7, 12], "rotation": 180, "texture": "#0"}
			}
		},
		{
			"from": [7.53736, -5.68161, 6.88772],
			"to": [8.51736, -2.06911, 8.26772],
			"rotation": {"angle": -45, "axis": "x", "origin": [8.05361, -2.63713, 7.73897]},
			"faces": {
				"north": {"uv": [8.5, 15.25, 9.75, 12], "texture": "#0"},
				"east": {"uv": [7.25, 15.25, 8.5, 12], "texture": "#0"},
				"south": {"uv": [11, 15.25, 12.25, 12], "texture": "#0"},
				"west": {"uv": [9.75, 15.25, 11, 12], "texture": "#0"},
				"up": {"uv": [16, 0, 14.75, 1.25], "rotation": 270, "texture": "#0"},
				"down": {"uv": [8.5, 12, 9.75, 10.75], "rotation": 180, "texture": "#0"}
			}
		},
		{
			"from": [7.63736, 20.00409, 9.53502],
			"to": [8.41736, 20.98409, 13.24752],
			"rotation": {"angle": -22.5, "axis": "x", "origin": [8.05361, 20.63713, 8.73897]},
			"faces": {
				"north": {"uv": [14.75, 0, 16, 1.25], "rotation": 90, "texture": "#0"},
				"east": {"uv": [7.25, 12, 8.5, 15.25], "rotation": 270, "texture": "#0"},
				"south": {"uv": [8.5, 10.75, 9.75, 12], "rotation": 180, "texture": "#0"},
				"west": {"uv": [9.75, 12, 11, 15.25], "rotation": 90, "texture": "#0"},
				"up": {"uv": [8.5, 12, 9.75, 15.25], "rotation": 180, "texture": "#0"},
				"down": {"uv": [11, 12, 12.25, 15.25], "texture": "#0"}
			}
		},
		{
			"from": [7.63736, -4.44917, 10.22426],
			"to": [8.41736, -3.46917, 13.93676],
			"rotation": {"angle": 22.5, "axis": "x", "origin": [8.05361, -2.63713, 7.73897]},
			"faces": {
				"north": {"uv": [16, 0, 14.75, 1.25], "rotation": 90, "texture": "#0"},
				"east": {"uv": [8.5, 12, 7.25, 15.25], "rotation": 270, "texture": "#0"},
				"south": {"uv": [8.5, 12, 9.75, 10.75], "rotation": 180, "texture": "#0"},
				"west": {"uv": [11, 12, 9.75, 15.25], "rotation": 90, "texture": "#0"},
				"up": {"uv": [11, 15.25, 12.25, 12], "texture": "#0"},
				"down": {"uv": [8.5, 15.25, 9.75, 12], "rotation": 180, "texture": "#0"}
			}
		}
	],
	"display": {
		"thirdperson_righthand": {
			"rotation": [0, 0, 11.75],
			"translation": [-0.75, -2, 3.5],
			"scale": [0.8, 0.8, 0.8]
		},
		"thirdperson_lefthand": {
			"rotation": [0, 0, 11.75],
			"translation": [-0.75, -2, 3.5],
			"scale": [0.8, 0.8, 0.8]
		},
		"firstperson_righthand": {
			"rotation": [14.75, 9.75, 0],
			"translation": [2.25, 2.75, -0.75],
			"scale": [0.8, 0.8, 0.8]
		},
		"firstperson_lefthand": {
			"rotation": [16.5, 34, 0],
			"translation": [2.25, 5, -0.75],
			"scale": [-0.8, 0.8, 0.8]
		},
		"ground": {
			"rotation": [46, 0, 45.5],
			"translation": [0, 7.75, 0],
			"scale": [0.8, 0.8, 0.8]
		},
		"gui": {
			"rotation": [31.75, -149.5, 57.25],
			"translation": [1.25, -1, 0],
			"scale": [0.42, 0.42, 0.42]
		},
		"head": {
			"rotation": [89, -40.5, 80.75],
			"translation": [-2.25, -11.75, 6.75],
			"scale": [1.2, 1.2, 1.2]
		},
		"fixed": {
			"rotation": [0, -90, 0],
			"translation": [0, 0, -1.25],
			"scale": [1.5, 1.5, 1.5]
		}
	},
	"groups": [
		{
			"name": "group",
			"origin": [8, -6.5, 11.25],
			"children": [
				{
					"name": "Arrow",
					"origin": [7.82469, -11.77287, 0.20313],
					"children": [0, 1, 2, 3, 4, 5, 6, 7, 8, 9,
						{
							"name": "Arrow",
							"origin": [7.82469, -11.77287, 0.20313],
							"children": [10, 11, 12, 13, 14, 15, 16, 17]
						}
					]
				},
				{
					"name": "group",
					"origin": [8, 8, 8],
					"children": [18, 19, 20]
				},
				{
					"name": "EdgeString",
					"origin": [8, 8.7, 4.4],
					"children": [21, 22]
				},
				{
					"name": "Arc",
					"origin": [7.82469, -11.77287, 0.20313],
					"children": [
						{
							"name": "Poignée",
							"origin": [3.68736, 9.06057, 7.83714],
							"children": []
						},
						{
							"name": "Shell",
							"origin": [3.68736, 9.06057, 7.83714],
							"children": [23, 24, 25, 26, 27, 28, 29, 30, 31, 32]
						}
					]
				}
			]
		}
	]
}