{
	"parent": "item/generated",
	"display": {
		"thirdperson_righthand": {
			"rotation": [ -80, 260, -40 ],
			"translation": [ -1, -2, 2.5 ],
			"scale": [ 0.9, 0.9, 0.9 ]
		},
		"thirdperson_lefthand": {
			"rotation": [ -80, -280, 40 ],
			"translation": [ -1, -2, 2.5 ],
			"scale": [ 0.9, 0.9, 0.9 ]
		},
		"firstperson_righthand": {
			"rotation": [ 0, -90, 25 ],
			"translation": [ 1.13, 3.2, 1.13],
			"scale": [ 0.68, 0.68, 0.68 ]
		},
		"firstperson_lefthand": {
			"rotation": [ 0, 90, -25 ],
			"translation": [ 1.13, 3.2, 1.13],
			"scale": [ 0.68, 0.68, 0.68 ]
		}
	},
	"textures": {
		"layer0": "items/bow_standby"
	},
	"overrides": [
		{ "predicate": { "damage": 0 }, "model": "item/bow" },
		{ "predicate": { "damage": 0, "pulling": 1 }, "model": "item/bow_pulling_0" },
		{ "predicate": { "damage": 0, "pulling": 1, "pull": 0.5 }, "model": "item/bow_pulling_1" },
		{ "predicate": { "damage": 0, "pulling": 1, "pull": 1 }, "model": "item/bow_pulling_2" },
		{ "predicate": { "damaged": 0, "damage": 0.002597402597403 }, "model": "item/woodbow_base" },
		{ "predicate": { "damaged": 0, "damage": 0.002597402597403, "pulling": 1 }, "model": "item/woodbow_pulling0" },
		{ "predicate": { "damaged": 0, "damage": 0.002597402597403, "pulling": 1, "pull": 0.5 }, "model": "item/woodbow_pulling1" },
		{ "predicate": { "damaged": 0, "damage": 0.002597402597403, "pulling": 1, "pull": 1 }, "model": "item/woodbow_pulling2" },
		{ "predicate": { "damaged": 1 }, "model": "item/bow" },
		{ "predicate": { "damaged": 1, "pulling": 1 }, "model": "item/bow_pulling_0" },
		{ "predicate": { "damaged": 1, "pulling": 1, "pull": 0.5 }, "model": "item/bow_pulling_1" },
		{ "predicate": { "damaged": 1, "pulling": 1, "pull": 1 }, "model": "item/bow_pulling_2" }
	]
}