{
	"parent": "item/handheld",
	"textures": {
		"layer0": "items/diamond_hoe"
	},
	"overrides": [
		{ "predicate": {"damaged": 0, "damage": 0.0006402048655569782}, "model": "item/slots/fill"},
		{ "predicate": {"damaged": 0, "damage": 0.0012804097311139564}, "model": "item/slots/workbench_button"},
		{ "predicate": {"damaged": 0, "damage": 0.0019206145966709346}, "model": "item/slots/info"},
		{ "predicate": {"damaged": 0, "damage": 0.002560819462227913}, "model": "item/slots/helmet"},
		{ "predicate": {"damaged": 0, "damage": 0.003201024327784891}, "model": "item/slots/chestplate"},
		{ "predicate": {"damaged": 0, "damage": 0.0038412291933418692}, "model": "item/slots/leggings"},
		{ "predicate": {"damaged": 0, "damage": 0.004481434058898847}, "model": "item/slots/boots"},
		{ "predicate": {"damaged": 0, "damage": 0.005121638924455826}, "model": "item/slots/gloves"},
		{ "predicate": {"damaged": 0, "damage": 0.005761843790012804}, "model": "item/slots/weapon"},
		{ "predicate": {"damaged": 0, "damage": 0.006402048655569782}, "model": "item/slots/shield"},
		{ "predicate": {"damaged": 0, "damage": 0.00704225352112676}, "model": "item/slots/elytra"},
		{ "predicate": {"damaged": 0, "damage": 0.0076824583866837385}, "model": "item/slots/ring"},
		{ "predicate": {"damaged": 0, "damage": 0.008322663252240717}, "model": "item/slots/amulet"},
		{ "predicate": {"damaged": 0, "damage": 0.008962868117797694}, "model": "item/slots/pet"},
		{ "predicate": {"damaged": 0, "damage": 0.009603072983354673}, "model": "item/slots/backpack"},
		{ "predicate": {"damaged": 0, "damage": 0.010243277848911651}, "model": "item/slots/artifact"},
		{ "predicate": {"damaged": 0, "damage": 0.01088348271446863}, "model": "item/slots/empty"},
		{ "predicate": {"damaged": 0, "damage": 0.011523687580025609}, "model": "item/slots/buyable"},
		{ "predicate": {"damaged": 0, "damage": 0.012163892445582586}, "model": "item/slots/locked"},
		{ "predicate": {"damaged": 0, "damage": 0.012804097311139564}, "model": "item/backpacks/small"},
		{ "predicate": {"damaged": 0, "damage": 0.013444302176696543}, "model": "item/backpacks/medium"},
		{ "predicate": {"damaged": 0, "damage": 0.01408450704225352}, "model": "item/backpacks/large"},
		{ "predicate": {"damaged": 0, "damage": 0.014724711907810498}, "model": "item/ring_of_sactuary"},
		{ "predicate": {"damaged": 0, "damage": 0.015364916773367477}, "model": "item/items/gloves"},
		{ "predicate": {"damaged": 0, "damage": 0.016005121638924456}, "model": "item/items/amulet"},
		{ "predicate": {"damaged": 0, "damage": 0.016645326504481434}, "model": "item/items/scroll"},
        { "predicate": {"damaged": 0, "damage": 0.017285531370038413}, "model": "item/slots/extendable"},
		{ "predicate": {"damaged": 0, "damage": 0.019859064702114}, "model": "item/circlet"},
		{ "predicate": {"damaged": 0, "damage": 0.020499679692505}, "model": "item/belt_stone"},
		{ "predicate": {"damaged": 0, "damage": 0.021140294682896}, "model": "item/the_forsaken_ring"},
		{ "predicate": {"damaged": 0, "damage": 0.021780909673286}, "model": "item/arcid_of_azure"},
		{ "predicate": {"damaged": 0, "damage": 0.022421524663677}, "model": "item/memoryal_pendent"},
		{ "predicate": {"damaged": 0, "damage": 0.023062139654068}, "model": "item/idle_ambition"},
		{ "predicate": {"damaged": 0, "damage": 0.023702754644459}, "model": "item/desire_brooch"},
		{ "predicate": {"damaged": 0, "damage": 0.024343369634849}, "model": "item/detonate"},
		{ "predicate": {"damaged": 0, "damage": 0.02498398462524}, "model": "item/fire_strike"},
		{ "predicate": {"damaged": 0, "damage": 0.025624599615631}, "model": "item/ignite"},
		{ "predicate": {"damaged": 0, "damage": 0.026265214606022}, "model": "item/smash"},
		{ "predicate": {"damaged": 0, "damage": 0.026905829596413}, "model": "item/corossive_shoot"},
		{ "predicate": {"damaged": 0, "damage": 0.027546444586803}, "model": "item/firebolt"},
		{ "predicate": {"damaged": 1, "damage": 0}, "model": "item/diamond_hoe"}
	]
}